<?xml version="1.0" encoding="utf-8" standalone="no"?>
<configuration machineType="bulldozer" modName="FS22_CAT_D10T_FSM" typeName="CatD10" xmlName="Catd10">
    <terraform>
        <i3d parent="BladeVis" y="-1.45" z="3">
            <node x="-5.8" z="0.5" />
            <node x="-4.8" z="0.25" />
            <node x="-2.8" />
            <node x="0" />
            <node x="2.8" />
            <node x="4.8" z="0.25" />
            <node x="5.8" z="0.5" />
        </i3d>
        <modes>
            <mode>NORMAL</mode>
            <mode>FLATTEN</mode>
            <mode>SMOOTH</mode>
            <mode>PAINT</mode>
        </modes>
    </terraform>
    <collision>
        <i3d parent="BladeVis" y="-1.45" z="3.7">
            <node x="-5.8" z="0.5" />
            <node x="-4.8" z="0.25" />
            <node x="-2.8" />
            <node x="0" />
            <node x="2.8" />
            <node x="4.8" z="0.25" />
            <node x="5.8" z="0.5" />
        </i3d>
    </collision>
    <discharge>
        <i3d parent="BladeVis" y="-1.45" z="3">
            <line
                x1="12" z1="-1"
                x2="0" z2="-2"
            />
            <line
                x1="-12" z1="-1"
                x2="0" z2="-2"
            />
        </i3d>
    </discharge>
    <paint>
        <i3d parent="BladeVis" y="-1.45" z="3">
            <node x="-1.26" />
            <node x="1.26" />
        </i3d>
    </paint>
</configuration>