<?xml version="1.0" encoding="utf-8" standalone="no"?>
<configuration machineType="ripper" modName="FS22_Kobelco_SK480_FSM" typeName="fsmripper" xmlName="480rake">
    <terraform>
        <i3d parent="Plow" y="-0.55">
            <node x="-1.21" />
            <node x="-0.9" />
            <node x="-0.6" />
            <node x="-0.3" />
            <node />
            <node x="0.3" />
            <node x="0.6" />
            <node x="0.9" />
            <node x="1.21" />
        </i3d>
        <modes>
            <mode>LOWER</mode>
            <mode>FLATTEN</mode>
            <mode>SMOOTH</mode>
        </modes>
    </terraform>
    <paint>
        <i3d parent="Plow" y="-0.55">
            <node />
        </i3d>
        <radius>1.5</radius>
    </paint>
    <discharge>
        <i3d parent="Plow" y="-0.55">
            <line
                x1="3.25" y1="0" z1="0"
                x2="0" y2="0" z2="-0.5"
            />
            <line
                x1="-3.25" y1="0" z1="0"
                x2="0" y2="0" z2="-0.5"
            />
        </i3d>
        <modes>
            <mode>NORMAL</mode>
        </modes>
        <radius>1.5</radius>
    </discharge>
    <settings>
        <flattenRadius>3</flattenRadius>
        <smoothRadius>3</smoothRadius>
    </settings>
</configuration>