<?xml version="1.0" encoding="utf-8" standalone="no"?>
<configuration machineType="bucket" modName="FS22_EC750EL_FSM" typeName="kouppaEC750" xmlName="Bucket2">
    <terraform>
        <i3d parent="0>" z="-1.68">
            <node x="0.865" />
            <node x="0.25" />
            <node x="-0.25" />
            <node x="-0.865" />
        </i3d>
        <modes>
            <mode>NORMAL</mode>
            <mode>LOWER</mode>
            <mode>FLATTEN</mode>
            <mode>SMOOTH</mode>
        </modes>
    </terraform>
    <collision>
        <i3d parent="0>" z="-1.8">
            <node x="0.8" y="-0.15" z="0" />
            <node x="0.8" y="-0.225" z="1.8" />
            <node x="-0.8" y="-0.225" z="1.8" />
            <node x="-0.8" y="-0.15" z="0" />
        </i3d>
    </collision>
    <paint>
        <i3d parent="0>">
            <node />
        </i3d>
    </paint>
    <discharge>
        <modes>
            <mode>NORMAL</mode>
            <mode>RAISE</mode>
            <mode>FLATTEN</mode>
            <mode>SMOOTH</mode>
            <mode>PAINT</mode>
        </modes>
    </discharge>
</configuration>