<?xml version="1.0" encoding="utf-8" standalone="no"?>
<configuration machineType="bucket" modName="FS22M_Tool_ENGCON_Pack" typeName="shovel" xmlName="cable">
    <terraform>
        <i3d parent="0>" y="0.15" z="0.5">
            <node x="-0.4" />
            <node />
            <node x="0.4" />
        </i3d>
        <modes>
            <mode>NORMAL</mode>
            <mode>LOWER</mode>
            <mode>FLATTEN</mode>
            <mode>SMOOTH</mode>
        </modes>
        <radius>2</radius>
    </terraform>
    <collision>
        <i3d parent="0>" y="0" z="0.6">
            <node x="-0.4" z="-1.2" />
            <node x="-0.4" />
            <node />
            <node x="0.4" />
            <node x="0.4" z="-1.2" />
        </i3d>
    </collision>
    <paint>
        <i3d parent="0>" y="0.15" z="0.42">
            <node />
        </i3d>
        <radius>1.5</radius>
    </paint>
    <discharge>
        <modes>
            <mode>NORMAL</mode>
            <mode>RAISE</mode>
            <mode>FLATTEN</mode>
            <mode>SMOOTH</mode>
            <mode>PAINT</mode>
        </modes>
    </discharge>
</configuration>