<?xml version="1.0" encoding="utf-8" standalone="no"?>
<configuration machineType="bucket" modName="FS22M_Tool_ENGCON_Pack" typeName="shovel" xmlName="waterDrainage">
    <terraform>
        <i3d parent="0>" y="0.05" z="0.7">
            <node x="-0.35" />
            <node />
            <node x="0.35" />
        </i3d>
        <modes>
            <mode>NORMAL</mode>
            <mode>LOWER</mode>
            <mode>FLATTEN</mode>
            <mode>SMOOTH</mode>
        </modes>
        <radius>2</radius>
    </terraform>
    <collision>
        <i3d parent="0>" y="-0.1" z="0.8">
            <node x="-0.35" z="-1.2" />
            <node x="-0.35" />
            <node />
            <node x="0.35" />
            <node x="0.35" z="-1.2" />
        </i3d>
    </collision>
    <paint>
        <i3d parent="0>" y="0.05" z="0.6">
            <node />
        </i3d>
        <radius>1.5</radius>
    </paint>
    <discharge>
        <modes>
            <mode>NORMAL</mode>
            <mode>RAISE</mode>
            <mode>FLATTEN</mode>
            <mode>SMOOTH</mode>
            <mode>PAINT</mode>
        </modes>
    </discharge>
</configuration>