<?xml version="1.0" encoding="utf-8" standalone="no"?>
<GUI name="terraFarmGlobal">
    <GuiElement type="empty" profile="uiInGameMenuFrame">
        <!-- Static page header -->
        <GuiElement type="empty" profile="ingameMenuFrameHeaderPanel">
            <GuiElement type="bitmap" profile="ingameMenuGeneralSettingsHeaderIcon" />
            <GuiElement type="text" profile="ingameMenuFrameHeaderText" text="I18N_GUI_GLOBAL_TITLE" />
        </GuiElement>

        <!-- Layout content box -->
        <GuiElement type="empty" profile="ingameMenuSettingsBox" id="settingsContainer">
            <GuiElement type="bitmap" profile="topScrollClipper" name="topClipper" />
            <GuiElement type="bitmap" profile="bottomScrollClipper" name="bottomClipper" />

            <GuiElement type="scrollingLayout" profile="ingameMenuSettingsLayout" id="boxLayout" topClipperElementName="topClipper" bottomClipperElementName="bottomClipper">
                <GuiElement type="text" profile="settingsMenuSubtitle" text=" " />

                <GuiElement type="checkedOption" profile="multiTextOptionSettings" onClick="onEnableCheckClick" id="enabled">
                    <GuiElement type="button" profile="multiTextOptionSettingsLeft" />
                    <GuiElement type="button" profile="multiTextOptionSettingsRight" />
                    <GuiElement type="text" profile="multiTextOptionSettingsText" />
                    <GuiElement type="text" profile="multiTextOptionSettingsTitle" text="I18N_GUI_GLOBAL_ENABLE" />
                    <GuiElement type="bitmap" profile="multiTextOptionSettingsBg" />
                    <GuiElement type="text" profile="multiTextOptionSettingsTooltip" text="I18N_GUI_GLOBAL_ENABLE_TOOLTIP" />
                </GuiElement>

                <GuiElement type="checkedOption" profile="multiTextOptionSettings" onClick="onDebugCheckClick" id="enableDebug">
                    <GuiElement type="button" profile="multiTextOptionSettingsLeft" />
                    <GuiElement type="button" profile="multiTextOptionSettingsRight" />
                    <GuiElement type="text" profile="multiTextOptionSettingsText" />
                    <GuiElement type="text" profile="multiTextOptionSettingsTitle" text="I18N_GUI_GLOBAL_DEBUG" />
                    <GuiElement type="bitmap" profile="multiTextOptionSettingsBg" />
                    <GuiElement type="text" profile="multiTextOptionSettingsTooltip" text="I18N_GUI_GLOBAL_DEBUG_TOOLTIP" />
                </GuiElement>
            </GuiElement>
        </GuiElement>
    </GuiElement>
</GUI>