<?xml version="1.0" encoding="utf-8" standalone="no"?>
<configuration machineType="bucket" modName="FS22_4MR_Hitachi470LC" typeName="shovel" xmlName="Bucket470LC2">
    <terraform>
        <i3d parent="0>0|0|1" y="-0.1" z="-0.1">
            <node x="1" y="0" z="0" />
            <node x="0.409" y="0" z="0" />
            <node x="0" y="0" z="0" />
            <node x="-0.609" y="0" z="0" />
            <node x="-1" y="0" z="0" />
        </i3d>
        <modes>
            <mode>NORMAL</mode>
            <mode>LOWER</mode>
            <mode>FLATTEN</mode>
            <mode>SMOOTH</mode>
        </modes>
    </terraform>
    <collision>
        <i3d parent="0>0|0|1" y="-0.1" z="-0.1">
            <node x="1" y="0" z="0" />
			<node x="-0.409" y="0" z="0" />
			<node x="0.409" y="0" z="0" />
            <node x="1" y="0" z="0.3" />
            <node x="-1" y="0" z="0.3" />
            <node x="-1" y="0" z="0" />
        </i3d>
    </collision>
    <paint>
        <i3d parent="0>0|0|1" y="-0.1" z="-0.1">
            <node />
        </i3d>
    </paint>
    <discharge>
        <modes>
            <mode>NORMAL</mode>
            <mode>RAISE</mode>
            <mode>FLATTEN</mode>
            <mode>SMOOTH</mode>
            <mode>PAINT</mode>
        </modes>
    </discharge>
</configuration>
</configuration>