<?xml version="1.0" encoding="utf-8" standalone="no"?>
<configuration machineType="bucket" modName="FS22_ASHLAND_I200_TS4_SCRAPER" typeName="shovel" xmlName="AshlandRS">
    <terraform>
        <i3d parent="0>1|11" y="0" z="-0.2">
            <node x="-1.8" y="0" z="0" />
            <node x="-1.3" y="0" z="0" />
            <node x="-0.8" y="0" z="0" />
            <node x="-0.25" y="0" z="0" />
            <node x="0.25" y="0" z="0" />
            <node x="0.8" y="0" z="0" />
            <node x="1.3" y="0" z="0" />
            <node x="1.8" y="0" z="0" />
        </i3d>
        <modes>
            <mode>NORMAL</mode>
            <mode>LOWER</mode>
            <mode>FLATTEN</mode>
            <mode>SMOOTH</mode>
        </modes>
    </terraform>
    <collision>
        <i3d parent="0>1|11" y="0" z="-0.1">
            <node x="-1.8" y="0" z="0" />
            <node x="-1.3" y="0" z="0" />
            <node x="-0.8" y="0" z="0" />
            <node x="-0.25" y="0" z="0" />
            <node x="0.25" y="0" z="0" />
            <node x="0.8" y="0" z="0" />
            <node x="1.3" y="0" z="0" />
            <node x="1.8" y="0" z="0" />
        </i3d>
    </collision>
    <paint>
        <i3d parent="0>1|11" y="0" z="-0.2">
            <node />
        </i3d>
    </paint>
    <discharge>
        <modes>
            <mode>NORMAL</mode>
            <mode>RAISE</mode>
            <mode>FLATTEN</mode>
            <mode>SMOOTH</mode>
            <mode>PAINT</mode>
        </modes>
    </discharge>
</configuration>