<?xml version="1.0" encoding="utf-8" standalone="no"?>
<configuration machineType="bulldozerBlade" modName="FS22_nmcD11Bulldozer" typeName="nmcd11blade" xmlName="nmcBlade">
    <terraform>
        <i3d parent="0>0|1" y="0" z="0.1">
            <node x="-1.35" y="0" z="0" />
            <node x="-0.388" y="0" z="0" />
            <node x="0.388" y="0" z="0" />
            <node x="1.35" y="0" z="0" />
			<node x="-2.35" y="0" z="0" />
			<node x="2.35" y="0" z="0" />
		    <node x="-3.25" y="0" z="0" />	
			<node x="3.25" y="0" z="0" />
			<node x="-3.25" y="0" z="-1.3" />	
			<node x="3.25" y="0" z="-1.3" />		
        </i3d>
        <modes>
            <mode>NORMAL</mode>
            <mode>LOWER</mode>
            <mode>FLATTEN</mode>
            <mode>SMOOTH</mode>
        </modes>
    </terraform>
    <collision>
        <i3d parent="0>0|1" y="0" z="0.5">
            <node x="-0.388" y="0" z="0.1" />
			<node x="0.388" y="0" z="0.1" />
            <node x="-1.35" y="0" z="0.1" />
            <node x="1.35" y="0" z="0.1" />
			<node x="-2.35" y="0" z="0.2" />
			<node x="2.35" y="0" z="0.2" />
		    <node x="-3.25" y="0" z="0.1" />	
			<node x="3.25" y="0" z="0.1" />		
			<node x="-3.25" y="0" z="0.5" />	
			<node x="3.25" y="0" z="0.5" />
			<node x="-3.45" y="0" z="-1.4" />	
			<node x="3.45" y="0" z="-1.4" />	
			<node x="-3.45" y="0" z="-0.9" />	
			<node x="3.45" y="0" z="-0.9" />
			<node x="-3.45" y="0" z="-1.8" />	
			<node x="3.45" y="0" z="-1.8" />				
        </i3d>
    </collision>
	    <discharge>
        <i3d parent="0>0|1" y="0" z="-3.3">
            <!-- LEFT SIDE-->
            <line
                x1="4.8" y1="0" z1="0.9"
                x2="0" y2="0" z2="0.5"
            />
                <!-- x1="3.8" y1="0" z1="-0.9"
                x2="3.8" y2="0" z2="-1.4" -->
            <!-- RIGHT SIDE-->
            <line
                x1="-4.8" y1="0" z1="0.9"
                x2="0" y2="0" z2="0.5"
            />
                <!-- x1="-3.8" y1="0" z1="-0.9"
                x2="-3.8" y2="0" z2="-1.4" -->
        </i3d>
        <mode>NORMAL</mode>
        <radius>1.5</radius>
    </discharge>
	    <rotation>
        <i3d parent="0>0|1" />
        <axis>2</axis>
        <min>-45</min>
        <max>45</max>
        <threshold>30</threshold>
        <offsetFactor>3.0</offsetFactor>
    </rotation>
    <paint>
        <i3d parent="0>0|1" y="0" z="0.1">
            <node x="-1.35" y="0" z="0" />
            <node x="-0.388" y="0" z="0" />
            <node x="0.388" y="0" z="0" />
            <node x="1.35" y="0" z="0" />
			<node x="-2.35" y="0" z="0" />
			<node x="2.35" y="0" z="0" />
		    <node x="-3.25" y="0" z="0" />	
			<node x="3.25" y="0" z="0" />
			<node x="-3.25" y="0" z="-1.3" />	
			<node x="3.25" y="0" z="-1.3" />
        </i3d>
    </paint>
    <discharge>
        <modes>
            <mode>NORMAL</mode>
            <mode>RAISE</mode>
            <mode>FLATTEN</mode>
            <mode>SMOOTH</mode>
            <mode>PAINT</mode>
        </modes>
    </discharge>
</configuration>
