<?xml version="1.0" encoding="utf-8" standalone="no"?>
<configuration machineType="bucket" modName="giants" typeName="shovelLeveler" xmlName="frontloaderShovel">
    <terraform>
        <i3d parent="frontloaderShovel_main_component1" z="0.75">
            <node x="-1" />
            <node x="-0.25" />
            <node x="0.25" />
            <node x="1" />
        </i3d>
        <modes>
            <mode>NORMAL</mode>
            <mode>LOWER</mode>
            <mode>FLATTEN</mode>
            <mode>SMOOTH</mode>
        </modes>
    </terraform>
    <collision>
        <i3d parent="frontloaderShovel_main_component1" y="-0.1" z="0.6">
            <node x="-1" z="0.17" />
            <node x="-1" z="-0.9" />
            <node x="1" z="0.17" />
            <node x="1" z="-0.9" />
        </i3d>
    </collision>
    <paint>
        <i3d parent="shovel" z="0.6">
            <node />
        </i3d>
    </paint>
    <discharge>
        <modes>
            <mode>NORMAL</mode>
            <mode>RAISE</mode>
            <mode>FLATTEN</mode>
            <mode>SMOOTH</mode>
            <mode>PAINT</mode>
        </modes>
    </discharge>
</configuration>