<?xml version="1.0" encoding="utf-8" standalone="no"?>
<configuration machineType="bucketExcavator" modName="FS22_Liebherr_9800" typeName="Liebherr_9800" xmlName="9800">
    <terraform>
        <i3d parent="0>5|0|0|0" y="-3.287" z="1.842">
            <node x="2.405" />
            <node x="1.124" />
            <node x="0.066" />
            <node x="-1.593" />
            <node x="3.261" />
        </i3d>
        <modes>
            <mode>NORMAL</mode>
            <mode>LOWER</mode>
            <mode>FLATTEN</mode>
            <mode>SMOOTH</mode>
        </modes>
    </terraform>
    <collision>
        <i3d parent="0>5|0|0|0" y="-3.887" z="1.742">
            <node x="2.405" />
            <node x="1.124" />
            <node x="0.066" />
            <node x="-1.593" />
            <node x="-2.367" />
            <node x="2.405" y="-0.1" z="-1" />
            <node x="-2.367" y="-0.1" z="-1" />
        </i3d>
    </collision>
    <paint>
        <i3d parent="0>5|0|0|0" y="-3.287" z="1.842">
            <node />
        </i3d>
    </paint>
    <discharge>
        <modes>
            <mode>NORMAL</mode>
            <mode>RAISE</mode>
            <mode>FLATTEN</mode>
            <mode>SMOOTH</mode>
            <mode>PAINT</mode>
        </modes>
    </discharge>
</configuration>