<?xml version="1.0" encoding="utf-8" standalone="no"?>
<configuration machineType="bucketExcavator" modName="FS22_caterpillar633" typeName="scrap" xmlName="Caterpillar663">
    <terraform>
        <i3d parent="1>0|1" y="-1.165" z="1.23">
       <node x="1.767" />
            <node x="0.763" />
            <node x="0" />
            <node x="-0.534" />
            <node x="-1.835" />
        </i3d>
        <modes>
            <mode>NORMAL</mode>
            <mode>LOWER</mode>
            <mode>FLATTEN</mode>
            <mode>SMOOTH</mode>
        </modes>
    </terraform>
    <collision>
        <i3d parent="1>0|1" y="-1.155" z="1.13">
            <node x="1.767" />
            <node x="0.763" />
            <node x="0" />
            <node x="-0.534" />
            <node x="-1.835" />

            <node x="1.767" y="-0.1" z="-1" />
            <node x="-1.835" y="-0.1" z="-1" />
        </i3d>
    </collision>
    <paint>
        <i3d parent="1>0|1" y="-1.405" z="1.23">
            <node />
        </i3d>
    </paint>
    <discharge>
        <modes>
            <mode>NORMAL</mode>
            <mode>RAISE</mode>
            <mode>FLATTEN</mode>
            <mode>SMOOTH</mode>
            <mode>PAINT</mode>
        </modes>
    </discharge>
</configuration>