<?xml version="1.0" encoding="utf-8" standalone="no"?>
<configuration machineType="bucket" modName="FS22_YanmarVio27" typeName="kouppaEC750" xmlName="DitchBucket">
    <terraform>
        <i3d parent="0>" z="0.6">
            <node x="-0.55" />
            <node x="-0.155" />
            <node x="0.155" />
            <node x="0.55" />
        </i3d>
        <modes>
            <mode>NORMAL</mode>
            <mode>LOWER</mode>
            <mode>FLATTEN</mode>
            <mode>SMOOTH</mode>
        </modes>
    </terraform>
    <collision>
        <i3d parent="0>" y="0" z="0">
            <node x="-0.55" z="0" />
            <node x="-0.55" z="0.5" />
            <node x="0.55" z="0" />
            <node x="0.55" z="0.5" />
        </i3d>
    </collision>
    <paint>
        <i3d parent="0>0" z="0.6">
            <node />
        </i3d>
    </paint>
    <discharge>
        <modes>
            <mode>NORMAL</mode>
            <mode>RAISE</mode>
            <mode>FLATTEN</mode>
            <mode>SMOOTH</mode>
            <mode>PAINT</mode>
        </modes>
    </discharge>
</configuration>